{
  "version": "7",
  "dialect": "mysql",
  "entries": [
    {
      "idx": 0,
      "version": "5",
      "when": 1762638062250,
      "tag": "0000_curious_bloodstorm",
      "breakpoints": true
    },
    {
      "idx": 1,
      "version": "5",
      "when": 1762638103025,
      "tag": "0001_marvelous_salo",
      "breakpoints": true
    },
    {
      "idx": 2,
      "version": "5",
      "when": 1762665198514,
      "tag": "0002_certain_loners",
      "breakpoints": true
    },
    {
      "idx": 3,
      "version": "5",
      "when": 1762704386773,
      "tag": "0003_slow_kronos",
      "breakpoints": true
    },
    {
      "idx": 4,
      "version": "5",
      "when": 1762707134679,
      "tag": "0004_tough_dracula",
      "breakpoints": true
    },
    {
      "idx": 5,
      "version": "5",
      "when": 1762707392280,
      "tag": "0005_stiff_ultron",
      "breakpoints": true
    },
    {
      "idx": 6,
      "version": "5",
      "when": 1762792002737,
      "tag": "0006_melodic_vindicator",
      "breakpoints": true
    },
    {
      "idx": 7,
      "version": "5",
      "when": 1762793080334,
      "tag": "0007_white_ghost_rider",
      "breakpoints": true
    },
    {
      "idx": 8,
      "version": "5",
      "when": 1763402187183,
      "tag": "0008_amused_silverclaw",
      "breakpoints": true
    }
  ]
}